Unit_Name,Name,Weapon Name,Range,A,BS/WS,S,AP,D
'Iron Hand' Straken,'Iron Hand' Straken,Auto shotgun [assault],"12""",3,3+,4,0,2
'Iron Hand' Straken,'Iron Hand' Straken,Plasma pistol * standard [pistol],"12""",1,3+,7,-2,1
'Iron Hand' Straken,'Iron Hand' Straken,"Plasma pistol * supercharge [hazardous, pistol]","12""",1,3+,8,-3,2
'Iron Hand' Straken,'Iron Hand' Straken,Bionic arm with devil's claw [anti-monster 4+],Melee,6,2+,6,-2,2
Cadian Castellan,Cadian Castellan,Bolt pistol [pistol],"12""",1,3+,4,0,1
Cadian Castellan,Cadian Castellan,Boltgun [rapid fire 1],"24""",1,3+,4,0,1
Cadian Castellan,Cadian Castellan,Laspistol [pistol],"12""",1,3+,3,0,1
Cadian Castellan,Cadian Castellan,Plasma pistol * standard [pistol],"12""",1,3+,7,-2,1
Cadian Castellan,Cadian Castellan,"Plasma pistol * supercharge [hazardous, pistol]","12""",1,3+,8,-3,2
Cadian Castellan,Cadian Castellan,Chainsword,Melee,5,3+,3,0,1
Cadian Castellan,Cadian Castellan,Power fist,Melee,3,3+,6,-2,2
Cadian Castellan,Cadian Castellan,Power weapon,Melee,4,3+,4,-2,1
Cadian Command Squad,CADIAN COMMANDER,Bolt pistol [pistol],"12""",1,4+,4,0,1
Cadian Command Squad,VETERAN GUARDSMAN,"Flamer [ignores cover, torrent]","12""",D6,N/A,4,0,1
Cadian Command Squad,VETERAN GUARDSMAN,Grenade launcher * frag [blast],"24""",D3,4+,4,0,1
Cadian Command Squad,VETERAN GUARDSMAN,Grenade launcher * krak,"24""",1,4+,9,-2,D3
Cadian Command Squad,VETERAN GUARDSMAN,Lasgun [rapid fire 1],"24""",1,4+,3,0,1
Cadian Command Squad,VETERAN GUARDSMAN,Laspistol [pistol],"12""",1,4+,3,0,1
Cadian Command Squad,VETERAN GUARDSMAN,Meltagun [melta 2],"12""",1,4+,9,-4,D6
Cadian Command Squad,VETERAN GUARDSMAN,Plasma gun * standard [rapid fire 1],"24""",1,4+,7,-2,1
Cadian Command Squad,VETERAN GUARDSMAN,"Plasma gun * supercharge [hazardous, rapid fire 1]","24""",1,4+,8,-3,2
Cadian Command Squad,VETERAN GUARDSMAN,Plasma pistol * standard [pistol],"12""",1,4+,7,-2,1
Cadian Command Squad,VETERAN GUARDSMAN,"Plasma pistol * supercharge [hazardous, pistol]","12""",1,4+,8,-3,2
Cadian Command Squad,CADIAN COMMANDER,Chainsword,Melee,4,4+,3,0,1
Cadian Command Squad,VETERAN GUARDSMAN,Close combat weapon,Melee,2,4+,3,0,1
Cadian Command Squad,CADIAN COMMANDER,Power fist,Melee,3,4+,6,-2,2
Cadian Command Squad,CADIAN COMMANDER,Power weapon,Melee,3,4+,4,-2,1
Commissar,Commissar,Bolt pistol [pistol],"12""",1,3+,4,0,1
Commissar,Commissar,Plasma pistol * standard [pistol],"12""",1,3+,7,-2,1
Commissar,Commissar,"Plasma pistol * supercharge [hazardous, pistol]","12""",1,3+,8,-3,2
Commissar,Commissar,Chainsword,Melee,4,3+,3,0,1
Commissar,Commissar,Power weapon,Melee,3,3+,4,-2,1
Gaunt's Ghosts,TANITH GHOST,Bragg's autocannon [heavy],"48""",4,5+,9,-1,3
Gaunt's Ghosts,IBRAM GAUNT,Bolt pistol [pistol],"12""",1,2+,4,0,1
Gaunt's Ghosts,TANITH GHOST,Corbec's hot-shot lascarbine [assault],"24""",3,3+,3,-1,1
Gaunt's Ghosts,TANITH GHOST,"Larkin's long-las [heavy, precision]","36""",1,2+,5,-2,4
Gaunt's Ghosts,TANITH GHOST,Lascarbine [assault],"24""",3,3+,3,0,1
Gaunt's Ghosts,TANITH GHOST,"Rawne's lascarbine [assault, sustained hits]","24""",3,3+,3,0,1
Gaunt's Ghosts,IBRAM GAUNT,Gaunt's chainsword,Melee,5,2+,3,-1,1
Gaunt's Ghosts,TANITH GHOST,Straight silver knife,Melee,3,3+,3,0,1
Gaunt's Ghosts,TANITH GHOST,"Mkoll's straight silver knife [devastating wounds, precision]",Melee,5,2+,3,-1,1
Lord Solar Leontus,Lord Solar Leontus,Sol's Righteous Gaze [pistol],"12""",2,2+,8,-2,2
Lord Solar Leontus,Lord Solar Leontus,Conquest,Melee,6,2+,6,-2,2
Lord Solar Leontus,Lord Solar Leontus,Konstantin's hooves [extra attacks],Melee,2,4+,4,0,1
Militarum Tempestus Command Squad,TEMPESTOR PRIME,Bolt pistol [pistol],"12""",1,3+,4,0,1
Militarum Tempestus Command Squad,TEMPESTUS SCION,"Flamer [ignores cover, torrent]","12""",D6,N/A,4,0,1
Militarum Tempestus Command Squad,TEMPESTUS SCION,Grenade launcher * frag [blast],"24""",D3,3+,4,0,1
Militarum Tempestus Command Squad,TEMPESTUS SCION,Grenade launcher * krak,"24""",1,3+,9,-2,D3
Militarum Tempestus Command Squad,TEMPESTUS SCION,Hot-shot lasgun [rapid fire 1],"24""",1,3+,3,-1,1
Militarum Tempestus Command Squad,TEMPESTUS SCION,Hot-shot laspistol [pistol],"12""",1,3+,3,-1,1
Militarum Tempestus Command Squad,TEMPESTUS SCION,Hot-shot volley gun [rapid fire 2],"30""",2,3+,4,-1,1
Militarum Tempestus Command Squad,TEMPESTUS SCION,Meltagun [melta 2],"12""",1,3+,9,-4,D6
Militarum Tempestus Command Squad,TEMPESTUS SCION,Plasma gun * standard [rapid fire 1],"24""",1,3+,7,-2,1
Militarum Tempestus Command Squad,TEMPESTUS SCION,"Plasma gun * supercharge [hazardous, rapid fire 1]","24""",1,3+,8,-3,2
Militarum Tempestus Command Squad,TEMPESTUS SCION,Plasma pistol * standard [pistol],"12""",1,3+,7,-2,1
Militarum Tempestus Command Squad,TEMPESTUS SCION,"Plasma pistol * supercharge [hazardous, pistol]","12""",1,3+,8,-3,2
Militarum Tempestus Command Squad,TEMPESTUS SCION,Close combat weapon,Melee,2,4+,3,0,1
Militarum Tempestus Command Squad,TEMPESTOR PRIME,Tempestus dagger,Melee,4,3+,3,0,1
Platoon Command Squad,VETERAN HEAVY WEAPONS TEAM,Autocannon [heavy],"48""",2,5+,9,-1,3
Platoon Command Squad,PLATOON COMMANDER,Boltgun [rapid fire 1],"24""",1,4+,4,0,1
Platoon Command Squad,PLATOON COMMANDER,Bolt pistol [PISTOL],"12""",1,4+,4,0,1
Platoon Command Squad,VETERAN GUARDSMAN,"Flamer [ignores cover, torrent]","12""",D6,N/A,4,0,1
Platoon Command Squad,VETERAN GUARDSMAN,Grenade launcher * frag [blast],"24""",D3,4+,4,0,1
Platoon Command Squad,VETERAN GUARDSMAN,Grenade launcher * krak,"24""",1,4+,9,-2,D3
Platoon Command Squad,VETERAN HEAVY WEAPONS TEAM,"Heavy bolter [heavy, sustained hits 1]","36""",3,5+,5,-1,2
Platoon Command Squad,VETERAN GUARDSMAN,"Heavy flamer [ignores cover, torrent]","12""",D6,N/A,5,-1,1
Platoon Command Squad,VETERAN HEAVY WEAPONS TEAM,Lascannon [heavy],"48""",1,5+,12,-3,D6+1
Platoon Command Squad,VETERAN GUARDSMAN,Lasgun [rapid fire 1],"24""",1,4+,3,0,1
Platoon Command Squad,PLATOON COMMANDER,Laspistol [pistol],"12""",1,4+,3,0,1
Platoon Command Squad,VETERAN GUARDSMAN,Meltagun [melta 2],"12""",1,4+,9,-4,D6
Platoon Command Squad,VETERAN HEAVY WEAPONS TEAM,"Missile launcher * frag [BLAST, HEAVY]","48""",D6,5+,4,0,1
Platoon Command Squad,VETERAN HEAVY WEAPONS TEAM,Missile launcher * krak  [HEAVY],"48""",1,5+,9,-2,D6
Platoon Command Squad,VETERAN HEAVY WEAPONS TEAM,"Mortar [blast, heavy, indirect fire]","48""",D6,5+,5,0,1
Platoon Command Squad,VETERAN GUARDSMAN,Plasma gun * standard [rapid fire 1],"24""",1,4+,7,-2,1
Platoon Command Squad,VETERAN GUARDSMAN,"Plasma gun * supercharge [hazardous, rapid fire 1]","24""",1,4+,8,-3,2
Platoon Command Squad,PLATOON COMMANDER,Plasma pistol * standard [pistol],"12""",1,4+,7,-2,1
Platoon Command Squad,PLATOON COMMANDER,"Plasma pistol * supercharge [hazardous, pistol]","12""",1,4+,8,-3,2
Platoon Command Squad,VETERAN GUARDSMAN,"Sniper rifle [heavy, precision]","36""",1,4+,4,-2,2
Platoon Command Squad,VETERAN GUARDSMAN,Chainsword,Melee,3,4+,3,0,1
Platoon Command Squad,PLATOON COMMANDER,Close combat weapon,Melee,2,4+,3,0,1
Platoon Command Squad,VETERAN GUARDSMAN,Power fist,Melee,3,4+,6,-2,2
Platoon Command Squad,VETERAN GUARDSMAN,Power weapon,Melee,3,4+,4,-2,1
Primaris Psyker,Primaris Psyker,Laspistol [pistol],"12""",1,3+,3,0,1
Primaris Psyker,Primaris Psyker,"Psychic Maelstrom * witchfire [blast, devastating wounds, psychic]","18""",D6,3+,6,-2,1
Primaris Psyker,Primaris Psyker,"Psychic Maelstrom * focused witchfire [blast, devastating wounds, hazardous, psychic]","18""",D6+3,3+,6,-2,2
Primaris Psyker,Primaris Psyker,Force weapon [psychic],Melee,3,4+,6,-1,D3
Regimental Enginseer,Regimental Enginseer,"Archeotech pistol [devastating wounds, pistol]","12""",1,3+,6,0,1
Regimental Enginseer,Regimental Enginseer,Enginseer axe,Melee,3,4+,6,-2,2
Regimental Enginseer,Regimental Enginseer,Servo-arm [extra attacks],Melee,1,4+,6,-2,2
Regimental Preacher,Regimental Preacher,Autogun [rapid fire 1],"24""",1,4+,3,0,1
Regimental Preacher,Regimental Preacher,Holy pistol [pistol],"12""",3,4+,4,0,1
Regimental Preacher,Regimental Preacher,Preacher shotgun [assault],"12""",2,4+,4,0,1
Regimental Preacher,Regimental Preacher,Chainsword,Melee,4,4+,3,0,1
Regimental Preacher,Regimental Preacher,Power weapon,Melee,3,4+,4,-2,1
Sergeant Harker,Sergeant Harker,Payback [sustained hits 1],"36""",3,3+,5,-1,2
Sergeant Harker,Sergeant Harker,Close combat weapon,Melee,4,3+,4,0,1
Sly Marbo,Sly Marbo,"Ripper pistol [anti-infantry 2+, pistol, precision]","12""",3,2+,5,-1,2
Sly Marbo,Sly Marbo,"Envenomed blade [anti-infantry 2+, precision]",Melee,5,2+,5,-1,2
Tank Commander,Tank Commander,Demolisher battle cannon [blast],"24""",D6+3,4+,14,-3,D6
Tank Commander,Tank Commander,"Eradicator nova cannon [blast, ignores cover]","36""",D3+6,4+,7,-1,2
Tank Commander,Tank Commander,Executioner plasma cannon * standard [blast],"36""",D6+3,4+,7,-2,2
Tank Commander,Tank Commander,"Executioner plasma cannon * supercharge [blast, hazardous]","36""",D6+3,4+,8,-3,3
Tank Commander,Tank Commander,"Exterminator autocannon [rapid fire 4, twin-linked]","48""",4,4+,9,-1,3
Tank Commander,Tank Commander,Heavy bolter [sustained hits 1],"36""",3,4+,5,-1,2
Tank Commander,Tank Commander,"Heavy flamer [ignores cover, torrent]","12""",D6,N/A,5,-1,1
Tank Commander,Tank Commander,Heavy stubber [rapid fire 3],"36""",3,4+,4,0,1
Tank Commander,Tank Commander,Hunter-killer missile [one shot],"48""",1,4+,14,-3,D6
Tank Commander,Tank Commander,Lascannon,"48""",1,4+,12,-3,D6+1
Tank Commander,Tank Commander,Leman Russ battle cannon [blast],"48""",D6+3,4+,10,-1,3
Tank Commander,Tank Commander,Militarum plasma cannon * standard [blast],"36""",D3,4+,7,-2,1
Tank Commander,Tank Commander,"Militarum plasma cannon * supercharge [blast, hazardous]","36""",D3,4+,8,-3,2
Tank Commander,Tank Commander,Multi-melta [melta 2],"18""",2,4+,9,-4,D6
Tank Commander,Tank Commander,Punisher gatling cannon,"24""",20,4+,5,0,1
Tank Commander,Tank Commander,Storm bolter [rapid fire 2],"24""",2,4+,4,0,1
Tank Commander,Tank Commander,Vanquisher battle cannon [heavy],"72""",1,4+,18,-4,D6+6
Tank Commander,Tank Commander,Armoured tracks,Melee,6,4+,7,0,1
Ursula Creed,Ursula Creed,Duty and Vengeance [pistol],"12""",4,3+,5,-2,1
Ursula Creed,Ursula Creed,Power weapon,Melee,4,3+,4,-2,1
Death Korps Marshal,Death Korps Marshal,Bolt pistol [pistol],"12""",1,3+,4,0,1
Death Korps Marshal,Death Korps Marshal,Laspistol [pistol],"12""",1,3+,3,0,1
Death Korps Marshal,Death Korps Marshal,Plasma pistol * standard [pistol],"12""",1,3+,7,-2,1
Death Korps Marshal,Death Korps Marshal,"Plasma pistol * supercharge [hazardous, pistol]","12""",1,3+,8,-3,2
Death Korps Marshal,Death Korps Marshal,Power weapon,Melee,4,3+,4,-2,1
Death Rider Squadron Commander,Death Rider Squadron Commander,Bolt pistol [pistol],"12""",1,4+,4,0,1
Death Rider Squadron Commander,Death Rider Squadron Commander,Laspistol [pistol],"12""",1,4+,3,0,1
Death Rider Squadron Commander,Death Rider Squadron Commander,Plasma pistol * standard [pistol],"12""",1,4+,7,-2,1
Death Rider Squadron Commander,Death Rider Squadron Commander,"Plasma pistol * supercharge [hazardous, pistol]","12""",1,4+,8,-3,2
Death Rider Squadron Commander,Death Rider Squadron Commander,Death Rider hunting lance [lance],Melee,5,3+,4,-1,1
Death Rider Squadron Commander,Death Rider Squadron Commander,Savage claws [extra attacks],Melee,2,4+,4,-1,1
Cadian Shock Troops,Cadian Shock Troops,Bolt pistol [pistol],"12""",1,4+,4,0,1
Cadian Shock Troops,Cadian Shock Troops,Drum-fed autogun,"24""",2,4+,3,0,1
Cadian Shock Troops,Cadian Shock Troops,"Flamer [ignores cover, torrent]","12""",D6,N/A,4,0,1
Cadian Shock Troops,Cadian Shock Troops,Grenade launcher * frag [blast],"24""",D3,4+,4,0,1
Cadian Shock Troops,Cadian Shock Troops,Grenade launcher * krak,"24""",1,4+,9,-2,D3
Cadian Shock Troops,Cadian Shock Troops,Lasgun [rapid fire 1],"24""",1,4+,3,0,1
Cadian Shock Troops,Cadian Shock Troops,Laspistol [pistol],"12""",1,4+,3,0,1
Cadian Shock Troops,Cadian Shock Troops,Meltagun [melta 2],"12""",1,4+,9,-4,D6
Cadian Shock Troops,Cadian Shock Troops,Plasma gun * standard [rapid fire 1],"24""",1,4+,7,-2,1
Cadian Shock Troops,Cadian Shock Troops,"Plasma gun * supercharge [hazardous, rapid fire 1]","24""",1,4+,8,-3,2
Cadian Shock Troops,Cadian Shock Troops,Chainsword,Melee,3,4+,3,0,1
Cadian Shock Troops,Cadian Shock Troops,Close combat weapon,Melee,1,4+,3,0,1
Catachan Jungle Fighters,Catachan Jungle Fighters,"Flamer [ignores cover, torrent]","12""",D6,N/A,4,0,1
Catachan Jungle Fighters,Catachan Jungle Fighters,Lasgun [rapid fire 1],"24""",1,4+,3,0,1
Catachan Jungle Fighters,Catachan Jungle Fighters,Laspistol [pistol],"12""",1,4+,3,0,1
Catachan Jungle Fighters,Catachan Jungle Fighters,Close combat weapon,Melee,1,4+,3,0,1
Death Korps Of Krieg,Death Korps Of Krieg,Bolt pistol [PISTOL],"12""",1,4+,4,0,1
Death Korps Of Krieg,Death Korps Of Krieg,Boltgun [rapid fire 1],"24""",1,4+,4,0,1
Death Korps Of Krieg,Death Korps Of Krieg,"Flamer [ignores cover, torrent]","12""",D6,N/A,4,0,1
Death Korps Of Krieg,Death Korps Of Krieg,Grenade launcher * frag [blast],"24""",D3,4+,4,0,1
Death Korps Of Krieg,Death Korps Of Krieg,Grenade launcher * krak,"24""",1,4+,9,-2,D3
Death Korps Of Krieg,Death Korps Of Krieg,Lasgun [rapid fire 1],"24""",1,4+,3,0,1
Death Korps Of Krieg,Death Korps Of Krieg,Laspistol [pistol],"12""",1,4+,3,0,1
Death Korps Of Krieg,Death Korps Of Krieg,Meltagun [melta 2],"12""",1,4+,9,-4,D6
Death Korps Of Krieg,Death Korps Of Krieg,Plasma gun * standard [rapid fire 1],"24""",1,4+,7,-2,1
Death Korps Of Krieg,Death Korps Of Krieg,"Plasma gun * supercharge [hazardous, rapid fire 1]","24""",1,4+,8,-3,2
Death Korps Of Krieg,Death Korps Of Krieg,Plasma pistol * standard [pistol],"12""",1,4+,7,-2,1
Death Korps Of Krieg,Death Korps Of Krieg,"Plasma pistol * supercharge [hazardous, pistol]","12""",1,4+,8,-3,2
Death Korps Of Krieg,Death Korps Of Krieg,"Sniper rifle [heavy, precision]","36""",1,4+,4,-2,2
Death Korps Of Krieg,Death Korps Of Krieg,Chainsword,Melee,3,4+,3,0,1
Death Korps Of Krieg,Death Korps Of Krieg,Close combat weapon,Melee,1,4+,3,0,1
Death Korps Of Krieg,Death Korps Of Krieg,Power weapon,Melee,2,4+,4,-2,1
Infantry Squad,HEAVY WEAPONS TEAM,Autocannon [heavy],"48""",2,5+,9,-1,3
Infantry Squad,HEAVY WEAPONS TEAM,Bolt pistol [PISTOL],"12""",1,4+,4,0,1
Infantry Squad,GUARDSMAN,Boltgun [rapid fire 1],"24""",1,4+,4,0,1
Infantry Squad,GUARDSMAN,"Flamer [ignores cover, torrent]","12""",D6,N/A,4,0,1
Infantry Squad,GUARDSMAN,Grenade launcher * frag [blast],"24""",D3,4+,4,0,1
Infantry Squad,GUARDSMAN,Grenade launcher * krak,"24""",1,4+,9,-2,D3
Infantry Squad,HEAVY WEAPONS TEAM,"Heavy bolter [heavy, sustained hits 1]","36""",3,5+,5,-1,2
Infantry Squad,HEAVY WEAPONS TEAM,Lascannon [heavy],"48""",1,5+,12,-3,D6+1
Infantry Squad,GUARDSMAN,Lasgun [rapid fire 1],"24""",1,4+,3,0,1
Infantry Squad,GUARDSMAN,Laspistol [pistol],"12""",1,4+,3,0,1
Infantry Squad,GUARDSMAN,Meltagun [melta 2],"12""",1,4+,9,-4,D6
Infantry Squad,HEAVY WEAPONS TEAM,"Missile launcher * frag [blast, heavy]","48""",D6,5+,4,0,1
Infantry Squad,HEAVY WEAPONS TEAM,Missile launcher * krak [heavy],"48""",1,5+,9,-2,D6
Infantry Squad,HEAVY WEAPONS TEAM,"Mortar [blast, heavy, indirect fire]","48""",D6,5+,5,0,1
Infantry Squad,GUARDSMAN,Plasma gun * standard [rapid fire 1],"24""",1,4+,7,-2,1
Infantry Squad,GUARDSMAN,"Plasma gun * supercharge [hazardous, rapid fire 1]","24""",1,4+,8,-3,2
Infantry Squad,GUARDSMAN,Plasma pistol * standard [pistol],"12""",1,4+,7,-2,1
Infantry Squad,GUARDSMAN,"Plasma pistol * supercharge [hazardous, pistol]","12""",1,4+,8,-3,2
Infantry Squad,GUARDSMAN,"Sniper rifle [heavy, precision]","36""",1,4+,4,-2,2
Infantry Squad,GUARDSMAN,Chainsword,Melee,3,4+,3,0,1
Infantry Squad,GUARDSMAN,Close combat weapon,Melee,1,4+,3,0,1
Infantry Squad,GUARDSMAN,Power weapon,Melee,2,4+,4,-2,1
Chimera,Chimera,Chimera heavy bolter [sustained hits 1],"36""",3,4+,5,-1,2
Chimera,Chimera,"Chimera heavy flamer [ignores cover, torrent]","12""",D6,N/A,5,-1,1
Chimera,Chimera,Chimera multi-laser,"36""",4,4+,6,0,1
Chimera,Chimera,Heavy bolter [sustained hits 1],"36""",3,4+,5,-1,2
Chimera,Chimera,"Heavy flamer [ignores cover, torrent]","12""",D6,N/A,5,-1,1
Chimera,Chimera,Heavy stubber [rapid fire 3],"36""",3,4+,4,0,1
Chimera,Chimera,Hunter-killer missile [one shot],"48""",1,4+,14,-3,D6
Chimera,Chimera,Lasgun array [rapid fire 6],"24""",6,4+,3,0,1
Chimera,Chimera,Storm bolter [rapid fire 2],"24""",2,4+,4,0,1
Chimera,Chimera,Armoured tracks,Melee,3,4+,6,0,1
Taurox,Taurox,Twin autocannon [twin-linked],"48""",2,4+,9,-1,3
Taurox,Taurox,Storm bolter [rapid fire 2],"24""",2,4+,4,0,1
Taurox,Taurox,Armoured tracks,Melee,3,4+,6,0,1
Taurox Prime,Taurox Prime,Storm bolter [rapid fire 2],"24""",2,3+,4,0,1
Taurox Prime,Taurox Prime,Taurox battle cannon [blast],"48""",D6,3+,8,-1,2
Taurox Prime,Taurox Prime,Taurox gatling cannon,"24""",12,3+,4,0,1
Taurox Prime,Taurox Prime,Taurox missile launcher * frag [blast],"48""",2D6,3+,4,0,1
Taurox Prime,Taurox Prime,Taurox missile launcher * krak,"48""",2,3+,9,-2,D6
Taurox Prime,Taurox Prime,Twin autocannon [twin-linked],"48""",2,3+,9,-1,3
Taurox Prime,Taurox Prime,"Twin Taurox hot-shot volley gun [rapid fire 3, twin-linked]","30""",3,3+,4,-1,1
Taurox Prime,Taurox Prime,Armoured tracks,Melee,3,4+,6,0,1
Storm Chimera,Storm Chimera,Autocannon,"48""",2,4+,9,-1,3
Storm Chimera,Storm Chimera,Heavy bolter [sustained hits 1],"36""",3,4+,5,-1,2
Storm Chimera,Storm Chimera,"Heavy flamer [ignores cover, torrent]","12""",D6,N/A,5,-1,1
Storm Chimera,Storm Chimera,Heavy stubber [rapid fire 3],"36""",3,4+,4,0,1
Storm Chimera,Storm Chimera,Hunter-killer missile [one shot],"48""",1,4+,14,-3,D6
Storm Chimera,Storm Chimera,Storm bolter [rapid fire 2],"24""",2,4+,4,0,1
Storm Chimera,Storm Chimera,Armoured tracks,Melee,3,4+,6,0,1
Earthshaker Platform,Earthshaker Platform,"Earthshaker cannon [blast, indirect fire]","240""",D6+3,4+,8,-2,2
Earthshaker Platform,Earthshaker Platform,Close combat weapons,Melee,3,4+,3,0,1
Hydra Platform,Hydra Platform,Hydra Platform,"Hydra quad autocannon [anti-fly 2+, twin-linked]","72""",4,4+,9,-1,3
Hydra Platform,Hydra Platform,Close combat weapons,Melee,3,4+,3,0,1
Manticore Platform,Manticore Platform,"Storm eagle rockets [blast, indirect fire]","120""",D6+1,4+,10,-2,3
Manticore Platform,Manticore Platform,Close combat weapons,Melee,3,4+,3,0,1
Sabre Weapons Battery,Sabre Weapons Battery,Twin autocannon [twin-linked],"48""",2,4+,9,-1,3
Sabre Weapons Battery,Sabre Weapons Battery,"Twin heavy bolter [sustained hits 1, twin-linked]","36""",3,4+,5,-1,2
Sabre Weapons Battery,Sabre Weapons Battery,"Twin heavy stubber [rapid fire 3, twin-linked]","36""",3,4+,4,0,1
Sabre Weapons Battery,Sabre Weapons Battery,Twin lascannon [twin-linked],"48""",1,4+,12,-3,D6+1
Sabre Weapons Battery,Sabre Weapons Battery,Close combat weapon,Melee,1,4+,3,0,1
Armoured Sentinels,Armoured Sentinels,Autocannon,"48""",2,4+,9,-1,3
Armoured Sentinels,Armoured Sentinels,"Heavy flamer [ignores cover, torrent]","12""",D6,N/A,5,-1,1
Armoured Sentinels,Armoured Sentinels,Hunter-killer missile [one shot],"48""",1,4+,14,-3,D6
Armoured Sentinels,Armoured Sentinels,Lascannon,"48""",1,4+,12,-3,D6+1
Armoured Sentinels,Armoured Sentinels,Militarum multi-laser,"36""",4,4+,6,0,1
Armoured Sentinels,Armoured Sentinels,"Missile launcher * frag [blast, heavy]","48""",D6,4+,4,0,1
Armoured Sentinels,Armoured Sentinels,Missile launcher * krak [heavy],"48""",1,4+,9,-2,D6
Armoured Sentinels,Armoured Sentinels,Plasma cannon * standard [blast],"36""",D3,4+,7,-2,1
Armoured Sentinels,Armoured Sentinels,"Plasma cannon * supercharge [blast, hazardous]","36""",D3,4+,8,-3,2
Armoured Sentinels,Armoured Sentinels,Close combat weapon,Melee,2,4+,6,0,1
Armoured Sentinels,Armoured Sentinels,Sentinel chainsaw,Melee,3,4+,6,-1,1
Attilan Rough Riders,Attilan Rough Riders,Lasgun [rapid fire 1],"24""",1,4+,3,0,1
Attilan Rough Riders,Attilan Rough Riders,Laspistol [pistol],"12""",1,4+,3,0,1
Attilan Rough Riders,Attilan Rough Riders,Goad lance [lance],Melee,2,3+,6,-2,2
Attilan Rough Riders,Attilan Rough Riders,Hunting lance * frag tip [lance],Melee,D6,3+,4,0,1
Attilan Rough Riders,Attilan Rough Riders,Hunting lance * melta tip [lance],Melee,1,3+,9,-4,D6
Attilan Rough Riders,Attilan Rough Riders,Power sabre,Melee,4,3+,4,-2,1
Attilan Rough Riders,Attilan Rough Riders,Steed's hooves [extra attacks],Melee,2,4+,4,0,1
Baneblade,Baneblade,Baneblade cannon [blast],"72""",3D6,4+,12,-2,3
Baneblade,Baneblade,Co-axial autocannon,"48""",2,4+,9,-1,3
Baneblade,Baneblade,Demolisher cannon [blast],"24""",D6+3,4+,14,-3,D6
Baneblade,Baneblade,Heavy stubber [rapid fire 3],"36""",3,4+,4,0,1
Baneblade,Baneblade,Lascannon,"48""",1,4+,12,-3,D6+1
Baneblade,Baneblade,"Twin heavy bolter [sustained hits 1, twin-linked]","36""",3,4+,5,-1,2
Baneblade,Baneblade,"Twin heavy flamer [ignores cover, torrent, twin-linked]","12""",D6,N/A,5,-1,1
Baneblade,Baneblade,Armoured tracks,Melee,6,4+,8,0,1
Banehammer,Banehammer,Lascannon,"48""",1,4+,12,-3,D6+1
Banehammer,Banehammer,Tremor cannon [blast],"36""",2D6+3,4+,12,-2,3
Banehammer,Banehammer,"Twin heavy bolter [sustained hits 1, twin-linked]","36""",3,4+,5,-1,2
Banehammer,Banehammer,"Twin heavy flamer [ignores cover, torrent, twin-linked]","12""",D6,N/A,5,-1,1
Banehammer,Banehammer,Armoured tracks,Melee,6,4+,8,0,1
Banesword,Banesword,Lascannon,"48""",1,4+,12,-3,D6+1
Banesword,Banesword,"Quake cannon [blast, ignores cover]","72""",D6+6,4+,16,-4,4
Banesword,Banesword,"Twin heavy bolter [sustained hits 1, twin-linked]","36""",3,4+,5,-1,2
Banesword,Banesword,"Twin heavy flamer [ignores cover, torrent, twin-linked]","12""",D6,N/A,5,-1,1
Banesword,Banesword,Armoured tracks,Melee,6,4+,8,0,1
Basilisk,Basilisk,"Earthshaker cannon [blast, heavy, indirect fire]","240""",D6+3,4+,8,-2,2
Basilisk,Basilisk,Heavy bolter [sustained hits 1],"36""",3,4+,5,-1,2
Basilisk,Basilisk,"Heavy flamer [ignores cover, torrent]","12""",D6,N/A,5,-1,1
Basilisk,Basilisk,Hunter-killer missile [one shot],"48""",1,4+,14,-3,D6
Basilisk,Basilisk,Armoured tracks,Melee,3,4+,6,0,1
Bullgryn Squad,Bullgryn Squad,Grenadier gauntlet [blast],"18""",D6,4+,4,0,1
Bullgryn Squad,Bullgryn Squad,Bullgryn maul,Melee,4,3+,7,-1,2
Bullgryn Squad,Bullgryn Squad,Close combat weapon,Melee,4,3+,6,0,1
Deathstrike,Deathstrike,"Deathstrike missile [blast, one shot, plasma warhead]",N/A,2D6,2+,16,-4,1
Deathstrike,Deathstrike,Heavy bolter [sustained hits 1],"36""",3,4+,5,-1,2
Deathstrike,Deathstrike,"Heavy flamer [ignores cover, torrent]","12""",D6,N/A,5,-1,1
Deathstrike,Deathstrike,Hunter-killer missile [one shot],"48""",1,3+,14,-3,D6
Deathstrike,Deathstrike,Armoured tracks,Melee,3,4+,6,0,1
Doomhammer,Doomhammer,Lascannon,"48""",1,4+,12,-3,D6+1
Doomhammer,Doomhammer,"Magma cannon [blast, melta 6]","24""",D6+3,4+,12,-4,D6
Doomhammer,Doomhammer,"Twin heavy bolter [sustained hits 1, twin-linked]","36""",3,4+,5,-1,2
Doomhammer,Doomhammer,"Twin heavy flamer [ignores cover, torrent, twin-linked]","12""",D6,N/A,5,-1,1
Doomhammer,Doomhammer,Armoured tracks,Melee,6,4+,8,0,1
Field Ordnance Battery,Field Ordnance Battery,"Bombast field gun [blast, heavy, indirect fire]","48""",D6,5+,7,-1,2
Field Ordnance Battery,Field Ordnance Battery,Heavy lascannon [heavy],"48""",2,5+,14,-3,D6+1
Field Ordnance Battery,Field Ordnance Battery,Lasgun [rapid fire 1],"24""",1,4+,3,0,1
Field Ordnance Battery,Field Ordnance Battery,Laspistol [pistol],"12""",1,4+,3,0,1
Field Ordnance Battery,Field Ordnance Battery,"Malleus rocket launcher [blast, heavy]","48""",D6+6,5+,6,-1,1
Field Ordnance Battery,Field Ordnance Battery,Battery close combat weapons,Melee,3,4+,3,0,1
Heavy Weapons Squad,Heavy Weapons Squad,Autocannon [heavy],"48""",2,5+,9,-1,3
Heavy Weapons Squad,Heavy Weapons Squad,"Heavy bolter [heavy, sustained hits 1]","36""",3,5+,5,-1,2
Heavy Weapons Squad,Heavy Weapons Squad,Las small arms [pistol],"18""",1,4+,3,0,1
Heavy Weapons Squad,Heavy Weapons Squad,Lascannon [heavy],"48""",1,5+,12,-3,D6+1
Heavy Weapons Squad,Heavy Weapons Squad,"Missile launcher * frag [blast, heavy]","48""",D6,5+,4,0,1
Heavy Weapons Squad,Heavy Weapons Squad,Missile launcher * krak [heavy],"48""",1,5+,9,-2,D6
Heavy Weapons Squad,Heavy Weapons Squad,"Mortar [blast, heavy, indirect fire]","48""",D6,5+,5,0,1
Heavy Weapons Squad,Heavy Weapons Squad,Weapons team close combat weapons,Melee,2,4+,3,0,1
Hellhammer,Hellhammer,Co-axial autocannon,"48""",2,4+,9,-1,3
Hellhammer,Hellhammer,Demolisher cannon [blast],"24""",D6+3,4+,14,-3,D6
Hellhammer,Hellhammer,Heavy stubber [rapid fire 3],"36""",3,4+,4,0,1
Hellhammer,Hellhammer,"Hellhammer cannon [blast, ignores cover]","30""",4D6,4+,7,-1,2
Hellhammer,Hellhammer,Lascannon,"48""",1,4+,12,-3,D6+1
Hellhammer,Hellhammer,"Twin heavy bolter [sustained hits 1, twin-linked]","36""",3,4+,5,-1,2
Hellhammer,Hellhammer,"Twin heavy flamer [ignores cover, torrent, twin-linked]","12""",D6,N/A,5,-1,1
Hellhammer,Hellhammer,Armoured tracks,Melee,6,4+,8,0,1
Hellhound,Hellhound,"Chem cannon [anti-infantry 2+, torrent]","12""",D6+1,N/A,2,-2,2
Hellhound,Hellhound,Heavy bolter [sustained hits 1],"36""",3,4+,5,-1,2
Hellhound,Hellhound,"Heavy flamer [ignores cover, torrent]","12""",D6,N/A,5,-1,1
Hellhound,Hellhound,Hunter-killer missile [one shot],"48""",1,4+,14,-3,D6
Hellhound,Hellhound,"Inferno cannon [ignores cover, torrent]","18""",2D6,N/A,6,-2,1
Hellhound,Hellhound,"Melta cannon [blast, melta 4]","18""",D3,4+,9,-4,D6
Hellhound,Hellhound,Multi-melta [melta 2],"18""",2,4+,9,-4,D6
Hellhound,Hellhound,Armoured tracks,Melee,3,4+,6,0,1
Hydra,Hydra,Heavy bolter [sustained hits 1],"36""",3,4+,5,-1,2
Hydra,Hydra,"Heavy flamer [ignores cover, torrent]","12""",D6,N/A,5,-1,1
Hydra,Hydra,Hunter-killer missile [one shot],"48""",1,4+,14,-3,D6
Hydra,Hydra,"Hydra autocannon [anti-fly 2+, twin-linked]","72""",4,4+,9,-1,3
Hydra,Hydra,Armoured tracks,Melee,3,4+,6,0,1
Kasrkin,Kasrkin,Bolt pistol [PISTOL],"12""",1,4+,4,0,1
Kasrkin,Kasrkin,"Flamer [ignores cover, torrent]","12""",D6,N/A,4,0,1
Kasrkin,Kasrkin,Grenade launcher * frag [blast],"24""",D3,3+,4,0,1
Kasrkin,Kasrkin,Grenade launcher * krak,"24""",1,3+,9,-2,D3
Kasrkin,Kasrkin,Hot-shot lasgun [rapid fire 1],"24""",1,3+,3,-1,1
Kasrkin,Kasrkin,Hot-shot laspistol [pistol],"12""",1,3+,3,-1,1
Kasrkin,Kasrkin,"Hot-shot marksman rifle [heavy, precision]","36""",1,3+,4,-2,3
Kasrkin,Kasrkin,Hot-shot volley gun [rapid fire 2],"30""",2,3+,4,-1,1
Kasrkin,Kasrkin,Meltagun [melta 2],"12""",1,3+,9,-4,D6
Kasrkin,Kasrkin,Plasma gun * standard [rapid fire 1],"24""",1,3+,7,-2,1
Kasrkin,Kasrkin,"Plasma gun * supercharge [hazardous, rapid fire 1]","24""",1,3+,8,-3,2
Kasrkin,Kasrkin,Plasma pistol * standard [pistol],"12""",1,4+,7,-2,1
Kasrkin,Kasrkin,"Plasma pistol * supercharge [hazardous, pistol]","12""",1,4+,8,-3,2
Kasrkin,Kasrkin,Chainsword,Melee,4,4+,3,0,1
Kasrkin,Kasrkin,Close combat weapon,Melee,2,4+,3,0,1
Kasrkin,Kasrkin,Power weapon,Melee,3,4+,4,-2,1
Leman Russ Battle Tank,Leman Russ Battle Tank,Heavy bolter [sustained hits 1],"36""",3,4+,5,-1,2
Leman Russ Battle Tank,Leman Russ Battle Tank,"Heavy flamer [ignores cover, torrent]","12""",D6,N/A,5,-1,1
Leman Russ Battle Tank,Leman Russ Battle Tank,Heavy stubber [rapid fire 3],"36""",3,4+,4,0,1
Leman Russ Battle Tank,Leman Russ Battle Tank,Hunter-killer missile [one shot],"48""",1,4+,14,-3,D6
Leman Russ Battle Tank,Leman Russ Battle Tank,Lascannon,"48""",1,4+,12,-3,D6+1
Leman Russ Battle Tank,Leman Russ Battle Tank,Leman Russ battle cannon [blast],"48""",D6+3,4+,10,-1,3
Leman Russ Battle Tank,Leman Russ Battle Tank,Multi-melta [melta 2],"18""",2,4+,9,-4,D6
Leman Russ Battle Tank,Leman Russ Battle Tank,Plasma cannon * standard [blast],"36""",D3,4+,7,-2,1
Leman Russ Battle Tank,Leman Russ Battle Tank,"Plasma cannon * supercharge [blast, hazardous]","36""",D3,4+,8,-3,2
Leman Russ Battle Tank,Leman Russ Battle Tank,Storm bolter [rapid fire 2],"24""",2,4+,4,0,1
Leman Russ Battle Tank,Leman Russ Battle Tank,Armoured tracks,Melee,6,4+,7,0,1
Leman Russ Demolisher,Leman Russ Demolisher,Demolisher battle cannon [blast],"24""",D6+3,4+,14,-3,D6
Leman Russ Demolisher,Leman Russ Demolisher,Heavy bolter [sustained hits 1],"36""",3,4+,5,-1,2
Leman Russ Demolisher,Leman Russ Demolisher,"Heavy flamer [ignores cover, torrent]","12""",D6,N/A,5,-1,1
Leman Russ Demolisher,Leman Russ Demolisher,Heavy stubber [rapid fire 3],"36""",3,4+,4,0,1
Leman Russ Demolisher,Leman Russ Demolisher,Hunter-killer missile [one shot],"48""",1,4+,14,-3,D6
Leman Russ Demolisher,Leman Russ Demolisher,Lascannon,"48""",1,4+,12,-3,D6+1
Leman Russ Demolisher,Leman Russ Demolisher,Multi-melta [melta 2],"18""",2,4+,9,-4,D6
Leman Russ Demolisher,Leman Russ Demolisher,Plasma cannon * standard [blast],"36""",D3,4+,7,-2,1
Leman Russ Demolisher,Leman Russ Demolisher,"Plasma cannon * supercharge [blast, hazardous]","36""",D3,4+,8,-3,2
Leman Russ Demolisher,Leman Russ Demolisher,Storm bolter [rapid fire 2],"24""",2,4+,4,0,1
Leman Russ Demolisher,Leman Russ Demolisher,Armoured tracks,Melee,6,4+,7,0,1
Leman Russ Eradicator,Leman Russ Eradicator,"Eradicator nova cannon [blast, ignores cover]","36""",D3+6,4+,7,-1,2
Leman Russ Eradicator,Leman Russ Eradicator,Heavy bolter [sustained hits 1],"36""",3,4+,5,-1,2
Leman Russ Eradicator,Leman Russ Eradicator,"Heavy flamer [ignores cover, torrent]","12""",D6,N/A,5,-1,1
Leman Russ Eradicator,Leman Russ Eradicator,Heavy stubber [rapid fire 3],"36""",3,4+,4,0,1
Leman Russ Eradicator,Leman Russ Eradicator,Hunter-killer missile [one shot],"48""",1,4+,14,-3,D6
Leman Russ Eradicator,Leman Russ Eradicator,Lascannon,"48""",1,4+,12,-3,D6+1
Leman Russ Eradicator,Leman Russ Eradicator,Multi-melta [melta 2],"18""",2,4+,9,-4,D6
Leman Russ Eradicator,Leman Russ Eradicator,Plasma cannon * standard [blast],"36""",D3,4+,7,-2,1
Leman Russ Eradicator,Leman Russ Eradicator,"Plasma cannon * supercharge [blast, hazardous]","36""",D3,4+,8,-3,2
Leman Russ Eradicator,Leman Russ Eradicator,Storm bolter [rapid fire 2],"24""",2,4+,4,0,1
Leman Russ Eradicator,Leman Russ Eradicator,Armoured tracks,Melee,6,4+,7,0,1
Leman Russ Executioner,Leman Russ Executioner,Executioner plasma cannon * standard [blast],"36""",D6+3,4+,7,-2,2
Leman Russ Executioner,Leman Russ Executioner,"Executioner plasma cannon * supercharge [blast, hazardous]","36""",D6+3,4+,8,-3,3
Leman Russ Executioner,Leman Russ Executioner,Heavy bolter [sustained hits 1],"36""",3,4+,5,-1,2
Leman Russ Executioner,Leman Russ Executioner,"Heavy flamer [ignores cover, torrent]","12""",D6,N/A,5,-1,1
Leman Russ Executioner,Leman Russ Executioner,Heavy stubber [rapid fire 3],"36""",3,4+,4,0,1
Leman Russ Executioner,Leman Russ Executioner,Hunter-killer missile [one shot],"48""",1,4+,14,-3,D6
Leman Russ Executioner,Leman Russ Executioner,Lascannon,"48""",1,4+,12,-3,D6+1
Leman Russ Executioner,Leman Russ Executioner,Multi-melta [melta 2],"18""",2,4+,9,-4,D6
Leman Russ Executioner,Leman Russ Executioner,Plasma cannon * standard [blast],"36""",D3,4+,7,-2,1
Leman Russ Executioner,Leman Russ Executioner,"Plasma cannon * supercharge [blast, hazardous]","36""",D3,4+,8,-3,2
Leman Russ Executioner,Leman Russ Executioner,Storm bolter [rapid fire 2],"24""",2,4+,4,0,1
Leman Russ Executioner,Leman Russ Executioner,Armoured tracks,Melee,6,4+,7,0,1
Leman Russ Exterminator,Leman Russ Exterminator,"Exterminator autocannon [rapid fire 4, twin-linked]","48""",4,4+,9,-1,3
Leman Russ Exterminator,Leman Russ Exterminator,Heavy bolter [sustained hits 1],"36""",3,4+,5,-1,2
Leman Russ Exterminator,Leman Russ Exterminator,"Heavy flamer [ignores cover, torrent]","12""",D6,N/A,5,-1,1
Leman Russ Exterminator,Leman Russ Exterminator,Heavy stubber [rapid fire 3],"36""",3,4+,4,0,1
Leman Russ Exterminator,Leman Russ Exterminator,Hunter-killer missile [one shot],"48""",1,4+,14,-3,D6
Leman Russ Exterminator,Leman Russ Exterminator,Lascannon,"48""",1,4+,12,-3,D6+1
Leman Russ Exterminator,Leman Russ Exterminator,Multi-melta [melta 2],"18""",2,4+,9,-4,D6
Leman Russ Exterminator,Leman Russ Exterminator,Plasma cannon * standard [blast],"36""",D3,4+,7,-2,1
Leman Russ Exterminator,Leman Russ Exterminator,"Plasma cannon * supercharge [blast, hazardous]","36""",D3,4+,8,-3,2
Leman Russ Exterminator,Leman Russ Exterminator,Storm bolter [rapid fire 2],"24""",2,4+,4,0,1
Leman Russ Exterminator,Leman Russ Exterminator,Armoured tracks,Melee,6,4+,7,0,1
Leman Russ Punisher,Leman Russ Punisher,Heavy bolter [sustained hits 1],"36""",3,4+,5,-1,2
Leman Russ Punisher,Leman Russ Punisher,"Heavy flamer [ignores cover, torrent]","12""",D6,N/A,5,-1,1
Leman Russ Punisher,Leman Russ Punisher,Heavy stubber [rapid fire 3],"36""",3,4+,4,0,1
Leman Russ Punisher,Leman Russ Punisher,Hunter-killer missile [one shot],"48""",1,4+,14,-3,D6
Leman Russ Punisher,Leman Russ Punisher,Lascannon,"48""",1,4+,12,-3,D6+1
Leman Russ Punisher,Leman Russ Punisher,Multi-melta [melta 2],"18""",2,4+,9,-4,D6
Leman Russ Punisher,Leman Russ Punisher,Plasma cannon * standard [blast],"36""",D3,4+,7,-2,1
Leman Russ Punisher,Leman Russ Punisher,"Plasma cannon * supercharge [blast, hazardous]","36""",D3,4+,8,-3,2
Leman Russ Punisher,Leman Russ Punisher,Punisher gatling cannon,"24""",20,4+,6,0,1
Leman Russ Punisher,Leman Russ Punisher,Storm bolter [rapid fire 2],"24""",2,4+,4,0,1
Leman Russ Punisher,Leman Russ Punisher,Armoured tracks,Melee,6,4+,7,0,1
Leman Russ Vanquisher,Leman Russ Vanquisher,Heavy bolter [sustained hits 1],"36""",3,4+,5,-1,2
Leman Russ Vanquisher,Leman Russ Vanquisher,"Heavy flamer [ignores cover, torrent]","12""",D6,N/A,5,-1,1
Leman Russ Vanquisher,Leman Russ Vanquisher,Heavy stubber [rapid fire 3],"36""",3,4+,4,0,1
Leman Russ Vanquisher,Leman Russ Vanquisher,Hunter-killer missile [one shot],"48""",1,4+,14,-3,D6
Leman Russ Vanquisher,Leman Russ Vanquisher,Lascannon,"48""",1,4+,12,-3,D6+1
Leman Russ Vanquisher,Leman Russ Vanquisher,Multi-melta [melta 2],"18""",2,4+,9,-4,D6
Leman Russ Vanquisher,Leman Russ Vanquisher,Plasma cannon * standard [blast],"36""",D3,4+,7,-2,1
Leman Russ Vanquisher,Leman Russ Vanquisher,"Plasma cannon * supercharge [blast, hazardous]","36""",D3,4+,8,-3,2
Leman Russ Vanquisher,Leman Russ Vanquisher,Storm bolter [rapid fire 2],"24""",2,4+,4,0,1
Leman Russ Vanquisher,Leman Russ Vanquisher,Vanquisher battle cannon [heavy],"72""",1,4+,18,-4,D6+6
Leman Russ Vanquisher,Leman Russ Vanquisher,Armoured tracks,Melee,6,4+,7,0,1
Manticore,Manticore,Heavy bolter [sustained hits 1],"36""",3,4+,5,-1,2
Manticore,Manticore,"Heavy flamer [ignores cover, torrent]","12""",D6,N/A,5,-1,1
Manticore,Manticore,Hunter-killer missile [one shot],"48""",1,4+,14,-3,D6
Manticore,Manticore,"Storm eagle rockets [blast, heavy, indirect fire]","120""",D6+1,4+,10,-2,3
Manticore,Manticore,Armoured tracks,Melee,3,4+,6,0,1
Munitorum Servitors,Munitorum Servitors,"Heavy bolter [heavy, sustained hits 1]","36""",3,6+,5,-1,2
Munitorum Servitors,Munitorum Servitors,"Multi-melta [heavy, melta 2]","18""",2,6+,9,-4,D6
Munitorum Servitors,Munitorum Servitors,"Plasma cannon * standard [blast, heavy]","36""",D3,6+,7,-2,1
Munitorum Servitors,Munitorum Servitors,"Plasma cannon * supercharge [blast, hazardous, heavy]","36""",D3,6+,8,-3,2
Munitorum Servitors,Munitorum Servitors,Close combat weapon,Melee,1,5+,3,0,1
Munitorum Servitors,Munitorum Servitors,Servitor's servo-arm,Melee,1,5+,6,-2,3
Nork Deddog,Nork Deddog,Ripper gun [sustained hits 1],"18""",3,3+,5,-1,2
Nork Deddog,Nork Deddog,Huge knife [devastating wounds],Melee,6,2+,8,-1,2
Ogryn Bodyguard,Ogryn Bodyguard,Grenadier gauntlet [blast],"18""",D6,4+,4,0,1
Ogryn Bodyguard,Ogryn Bodyguard,Ripper gun [sustained hits 1],"18""",3,4+,5,-1,2
Ogryn Bodyguard,Ogryn Bodyguard,Bullgryn maul,Melee,5,3+,7,-1,2
Ogryn Bodyguard,Ogryn Bodyguard,Close combat weapon,Melee,4,3+,6,0,1
Ogryn Bodyguard,Ogryn Bodyguard,Huge knife,Melee,6,3+,8,-1,2
Ogryn Bodyguard,Ogryn Bodyguard,Ripper gun,Melee,5,3+,6,-1,1
Ogryn Squad,Ogryn Squad,Ripper gun [rapid fire 3],"18""",3,4+,5,-1,2
Ogryn Squad,Ogryn Squad,Ripper gun,Melee,4,3+,6,-1,1
Ratling Snipers,Ratling Snipers,"Sniper rifle [heavy, precision]","36""",1,3+,4,-2,2
Ratling Snipers,Ratling Snipers,Close combat weapon,Melee,1,5+,2,0,1
Regimental Attachés,Regimental Attachés,Laspistol [pistol],"12""",1,4+,3,0,1
Regimental Attachés,Regimental Attachés,Close combat weapon,Melee,1,4+,3,0,1
Regimental Attachés,Regimental Attachés,Astropath's stave [psychic],Melee,1,4+,6,-1,D3
Rogal Dorn Battle Tank,Rogal Dorn Battle Tank,Castigator gatling cannon,"24""",12,4+,5,0,1
Rogal Dorn Battle Tank,Rogal Dorn Battle Tank,Co-axial autocannon,"48""",2,3+,9,-1,3
Rogal Dorn Battle Tank,Rogal Dorn Battle Tank,Heavy bolter [sustained hits 1],"36""",3,4+,5,-1,2
Rogal Dorn Battle Tank,Rogal Dorn Battle Tank,Heavy stubber [rapid fire 3],"36""",3,4+,4,0,1
Rogal Dorn Battle Tank,Rogal Dorn Battle Tank,Meltagun [melta 2],"12""",1,4+,9,-4,D6
Rogal Dorn Battle Tank,Rogal Dorn Battle Tank,Multi-melta [melta 2],"18""",2,4+,9,-4,D6
Rogal Dorn Battle Tank,Rogal Dorn Battle Tank,Oppressor cannon [blast],"72""",D6+3,4+,12,-2,3
Rogal Dorn Battle Tank,Rogal Dorn Battle Tank,Pulveriser cannon [blast],"24""",D6,4+,9,-3,3
Rogal Dorn Battle Tank,Rogal Dorn Battle Tank,"Twin battle cannon [blast, twin-linked]","48""",D6+3,4+,10,-1,3
Rogal Dorn Battle Tank,Rogal Dorn Battle Tank,Armoured tracks,Melee,6,4+,7,0,1
Scout Sentinels,Scout Sentinels,Autocannon,"48""",2,4+,9,-1,3
Scout Sentinels,Scout Sentinels,"Heavy flamer [ignores cover, torrent]","12""",D6,N/A,5,-1,1
Scout Sentinels,Scout Sentinels,Hunter-killer missile [one shot],"48""",1,4+,14,-3,D6
Scout Sentinels,Scout Sentinels,Lascannon,"48""",1,4+,12,-3,D6+1
Scout Sentinels,Scout Sentinels,Militarum multi-laser,"36""",4,4+,6,0,1
Scout Sentinels,Scout Sentinels,"Missile launcher * frag [blast, heavy]","48""",D6,4+,4,0,1
Scout Sentinels,Scout Sentinels,Missile launcher * krak [heavy],"48""",1,4+,9,-2,D6
Scout Sentinels,Scout Sentinels,Plasma cannon * standard [blast],"36""",D3,4+,7,-2,1
Scout Sentinels,Scout Sentinels,"Plasma cannon * supercharge [blast, hazardous]","36""",D3,4+,8,-3,2
Scout Sentinels,Scout Sentinels,Close combat weapon,Melee,2,4+,6,0,1
Scout Sentinels,Scout Sentinels,Sentinel chainsaw,Melee,3,4+,6,-1,1
Shadowsword,Shadowsword,Lascannon,"48""",1,4+,12,-3,D6+1
Shadowsword,Shadowsword,"Twin heavy bolter [sustained hits 1, twin-linked]","36""",3,4+,5,-1,2
Shadowsword,Shadowsword,"Twin heavy flamer [ignores cover, torrent, twin-linked]","12""",D6,N/A,5,-1,1
Shadowsword,Shadowsword,"Volcano cannon [blast, heavy]","96""",D3+1,4+,24,-5,12
Shadowsword,Shadowsword,Armoured tracks,Melee,6,4+,8,0,1
Stormlord,Stormlord,Heavy stubber [rapid fire 3],"36""",3,4+,4,0,1
Stormlord,Stormlord,Lascannon,"48""",1,4+,12,-3,D6+1
Stormlord,Stormlord,"Twin heavy bolter [sustained hits 1, twin-linked]","36""",3,4+,5,-1,2
Stormlord,Stormlord,"Twin heavy flamer [ignores cover, torrent, twin-linked]","12""",D6,N/A,5,-1,1
Stormlord,Stormlord,Vulcan mega-bolter [sustained hits 1],"48""",20,4+,6,-1,2
Stormlord,Stormlord,Armoured tracks,Melee,6,4+,8,0,1
Stormsword,Stormsword,Lascannon,"48""",1,4+,12,-3,D6+1
Stormsword,Stormsword,"Stormsword siege cannon [blast, ignores cover]","48""",D6+6,4+,16,-4,D6+2
Stormsword,Stormsword,"Twin heavy bolter [sustained hits 1, twin-linked]","36""",3,4+,5,-1,2
Stormsword,Stormsword,"Twin heavy flamer [ignores cover, torrent, twin-linked]","12""",D6,N/A,6,-1,1
Stormsword,Stormsword,Armoured tracks,Melee,6,4+,8,0,1
Tempestus Scions,Tempestus Scions,Bolt pistol [PISTOL],"12""",1,3+,4,0,1
Tempestus Scions,Tempestus Scions,"Flamer [ignores cover, torrent]","12""",D6,N/A,4,0,1
Tempestus Scions,Tempestus Scions,Grenade launcher * frag [blast],"24""",D3,3+,4,0,1
Tempestus Scions,Tempestus Scions,Grenade launcher * krak,"24""",1,3+,9,-2,D3
Tempestus Scions,Tempestus Scions,Hot-shot lasgun [rapid fire 1],"24""",1,3+,3,-1,1
Tempestus Scions,Tempestus Scions,Hot-shot laspistol [pistol],"12""",1,3+,3,-1,1
Tempestus Scions,Tempestus Scions,Hot-shot volley gun [rapid fire 2],"30""",2,3+,4,-1,1
Tempestus Scions,Tempestus Scions,Meltagun [melta 2],"12""",1,3+,9,-4,D6
Tempestus Scions,Tempestus Scions,Plasma gun * standard [rapid fire 1],"24""",1,3+,7,-2,1
Tempestus Scions,Tempestus Scions,"Plasma gun * supercharge [hazardous, rapid fire 1]","24""",1,3+,8,-3,2
Tempestus Scions,Tempestus Scions,Plasma pistol * standard [PISTOL],"12""",1,3+,7,-2,1
Tempestus Scions,Tempestus Scions,"Plasma pistol * supercharge [HAZARDOUS, PISTOL]","12""",1,3+,8,-3,2
Tempestus Scions,Tempestus Scions,Chainsword,Melee,4,4+,3,0,1
Tempestus Scions,Tempestus Scions,Close combat weapon,Melee,2,4+,3,0,1
Tempestus Scions,Tempestus Scions,Power fist,Melee,3,4+,6,-2,2
Tempestus Scions,Tempestus Scions,Power weapon,Melee,3,4+,4,-2,1
Valkyrie,Valkyrie,Heavy bolter [sustained hits 1],"36""",3,4+,5,-1,2
Valkyrie,Valkyrie,Hellstrike missiles [anti-fly 2+],"48""",1,4+,10,-3,D6
Valkyrie,Valkyrie,Lascannon,"48""",1,4+,12,-3,D6+1
Valkyrie,Valkyrie,Militarum multi-laser,"36""",4,4+,6,0,1
Valkyrie,Valkyrie,Multiple rocket pod [blast],"36""",D6,4+,6,0,1
Valkyrie,Valkyrie,Armoured hull,Melee,3,4+,6,0,1
Wyvern,Wyvern,Heavy bolter [sustained hits 1],"36""",3,4+,5,-1,2
Wyvern,Wyvern,"Heavy flamer [ignores cover, torrent]","12""",D6,N/A,5,-1,1
Wyvern,Wyvern,Hunter-killer missile [one shot],"48""",1,4+,14,-3,D6
Wyvern,Wyvern,"Wyvern quad stormshard mortar [blast, ignores cover, heavy, indirect fire, twin-linked]","48""",2D6,4+,5,0,1
Wyvern,Wyvern,Armoured tracks,Melee,3,4+,6,0,1
Avenger Strike Fighter,Avenger Strike Fighter,Avenger bolt cannon [sustained hits 1],"36""",10,4+,6,-1,2
Avenger Strike Fighter,Avenger Strike Fighter,Heavy stubber [rapid fire 3],"36""",3,4+,4,0,1
Avenger Strike Fighter,Avenger Strike Fighter,Lascannon,"48""",1,4+,12,-3,D6+1
Avenger Strike Fighter,Avenger Strike Fighter,Armoured hull,Melee,6,4+,8,0,1
Carnodon,Carnodon,Autocannon,"48""",2,4+,9,-1,3
Carnodon,Carnodon,Carnodon twin autocannon [twin-linked],"48""",2,4+,9,-1,3
Carnodon,Carnodon,Carnodon twin lascannon [twin-linked],"48""",1,4+,14,-3,D6+1
Carnodon,Carnodon,Carnodon twin multi-laser [twin-linked],"36""",6,4+,6,0,1
Carnodon,Carnodon,Heavy bolter [sustained hits 1],"36""",3,4+,5,-1,2
Carnodon,Carnodon,"Heavy flamer [ignores cover, torrent]","12""",D6,N/A,5,-1,1
Carnodon,Carnodon,Hunter-killer missile [one shot],"48""",1,4+,14,-3,D6
Carnodon,Carnodon,Lascannon,"48""",1,4+,12,-3,D6+1
Carnodon,Carnodon,Militarum Multi-laser,"36""",4,4+,6,0,1
Carnodon,Carnodon,Volkite caliver [devastating wounds],"24""",2,4+,5,0,2
Carnodon,Carnodon,Volkite culverin [devastating wounds],"36""",4,4+,6,0,2
Carnodon,Carnodon,Armoured tracks,Melee,6,4+,7,0,1
Colossus,Colossus,"Colossus siege mortar [blast, devastating wounds]","120""",D6,4+,6,-1,D6+2
Colossus,Colossus,Heavy stubber [rapid fire 3],"36""",3,4+,4,0,1
Colossus,Colossus,Hunter-killer missile [one shot],"48""",1,4+,14,-3,D6
Colossus,Colossus,Storm bolter [rapid fire 2],"24""",2,4+,4,0,1
Colossus,Colossus,Armoured tracks,Melee,6,4+,7,0,1
Crassus,Crassus,Heavy bolter [sustained hits 1],"36""",3,4+,5,-1,2
Crassus,Crassus,Heavy stubber [rapid fire 3],"36""",3,4+,4,0,1
Crassus,Crassus,Storm bolter [rapid fire 2],"24""",2,4+,4,0,1
Crassus,Crassus,Armoured tracks,Melee,6,4+,7,0,1
Death Rider Squadron,Death Rider Squadron,Bolt pistol [pistol],"12""",1,4+,4,0,1
Death Rider Squadron,Death Rider Squadron,Laspistol [pistol],"12""",1,4+,3,0,1
Death Rider Squadron,Death Rider Squadron,Plasma pistol * standard [pistol],"12""",1,4+,7,-2,1
Death Rider Squadron,Death Rider Squadron,"Plasma pistol * supercharge [hazardous, pistol]","12""",1,4+,8,-3,2
Death Rider Squadron,Death Rider Squadron,Death Rider hunting lance [lance],Melee,3,3+,4,-1,1
Death Rider Squadron,Death Rider Squadron,Savage claws [extra attacks],Melee,2,4+,4,-1,1
Earthshaker Carriage Battery,Earthshaker Carriage Battery,"Earthshaker cannon [blast, heavy, indirect fire]","240""",D6+3,5+,8,-2,2
Earthshaker Carriage Battery,Earthshaker Carriage Battery,Battery close combat weapons,Melee,5,4+,3,0,1
Hades Breaching Drill,Hades Breaching Drill,Melta-cutter drill,Melee,6,4+,9,-4,D6+2
Macharius,Macharius,Heavy bolter [sustained hits 1],"36""",3,4+,5,-1,2
Macharius,Macharius,"Heavy flamer [ignores cover, torrent]","12""",D6,N/A,5,-1,1
Macharius,Macharius,Heavy stubber [rapid fire 3],"36""",3,4+,4,0,1
Macharius,Macharius,Hunter-killer missile [one shot],"48""",1,4+,14,-3,D6
Macharius,Macharius,"Macharius twin battle cannon [blast, twin-linked]","48""",D6+3,4+,10,-1,3
Macharius,Macharius,Storm bolter [rapid fire 2],"24""",2,4+,4,0,1
Macharius,Macharius,"Twin heavy stubber [rapid fire 3, twin-linked]","36""",3,4+,4,0,1
Macharius,Macharius,Armoured tracks,Melee,6,4+,8,0,1
Macharius Vanquisher,Macharius Vanquisher,Heavy bolter [sustained hits 1],"36""",3,4+,5,-1,2
Macharius Vanquisher,Macharius Vanquisher,"Heavy flamer [ignores cover, torrent]","12""",D6,N/A,5,-1,1
Macharius Vanquisher,Macharius Vanquisher,Heavy stubber [rapid fire 3],"36""",3,4+,4,0,1
Macharius Vanquisher,Macharius Vanquisher,Hunter-killer missile [one shot],"48""",1,4+,14,-3,D6
Macharius Vanquisher,Macharius Vanquisher,"Macharius twin vanquisher cannon [heavy, twin-linked]","72""",1,4+,18,-4,D6+6
Macharius Vanquisher,Macharius Vanquisher,Storm bolter [rapid fire 2],"24""",2,4+,4,0,1
Macharius Vanquisher,Macharius Vanquisher,"Twin heavy stubber [rapid fire 3, twin-linked]","36""",3,4+,4,0,1
Macharius Vanquisher,Macharius Vanquisher,Armoured tracks,Melee,6,4+,8,0,1
Macharius Vulcan,Macharius Vulcan,Heavy bolter [sustained hits 1],"36""",3,4+,5,-1,2
Macharius Vulcan,Macharius Vulcan,"Heavy flamer [ignores cover, torrent]","12""",D6,N/A,5,-1,1
Macharius Vulcan,Macharius Vulcan,Heavy stubber [rapid fire 3],"36""",3,4+,4,0,1
Macharius Vulcan,Macharius Vulcan,Hunter-killer missile [one shot],"48""",1,4+,14,-3,D6
Macharius Vulcan,Macharius Vulcan,Macharius vulcan mega-bolter [sustained hits 1],"48""",16,4+,6,-1,2
Macharius Vulcan,Macharius Vulcan,Storm bolter [rapid fire 2],"24""",2,4+,4,0,1
Macharius Vulcan,Macharius Vulcan,"Twin heavy stubber [rapid fire 3, twin-linked]","36""",3,4+,4,0,1
Macharius Vulcan,Macharius Vulcan,Armoured tracks,Melee,6,4+,8,0,1
Malcador,Malcador,Autocannon,"48""",2,4+,9,-1,3
Malcador,Malcador,Heavy bolter [sustained hits 1],"36""",3,4+,5,-1,2
Malcador,Malcador,Heavy stubber [rapid fire 3],"36""",3,4+,4,0,1
Malcador,Malcador,Hunter-killer missile [one shot],"48""",1,4+,14,-3,D6
Malcador,Malcador,Lascannon,"48""",1,4+,12,-3,D6+1
Malcador,Malcador,Malcador battle cannon [blast],"48""",D6+3,4+,9,-1,3
Malcador,Malcador,Storm bolter [rapid fire 2],"24""",1,4+,4,0,1
Malcador,Malcador,Armoured tracks,Melee,6,4+,7,0,1
Malcador Annihilator,Malcador Annihilator,Autocannon,"48""",2,4+,9,-1,3
Malcador Annihilator,Malcador Annihilator,Demolisher cannon [blast],"24""",D6+3,4+,14,-3,D6
Malcador Annihilator,Malcador Annihilator,Heavy bolter [sustained hits 1],"36""",3,4+,5,-1,2
Malcador Annihilator,Malcador Annihilator,Heavy stubber [rapid fire 3],"36""",3,4+,4,0,1
Malcador Annihilator,Malcador Annihilator,Hunter-killer missile [one shot],"48""",1,4+,14,-3,D6
Malcador Annihilator,Malcador Annihilator,Lascannon,"48""",1,4+,12,-3,D6+1
Malcador Annihilator,Malcador Annihilator,Malcador twin lascannon [twin-linked],"48""",1,4+,12,-3,D6+1
Malcador Annihilator,Malcador Annihilator,Storm bolter [rapid fire 2],"24""",1,4+,4,0,1
Malcador Annihilator,Malcador Annihilator,Armoured tracks,Melee,6,4+,7,0,1
Malcador Defender,Malcador Defender,Autocannon,"48""",2,4+,9,-1,3
Malcador Defender,Malcador Defender,Demolisher cannon [blast],"24""",D6+3,4+,14,-3,D6
Malcador Defender,Malcador Defender,Heavy bolter [sustained hits 1],"36""",3,4+,5,-1,2
Malcador Defender,Malcador Defender,Heavy stubber [rapid fire 3],"36""",3,4+,4,0,1
Malcador Defender,Malcador Defender,Hunter-killer missile [one shot],"48""",1,4+,14,-3,D6
Malcador Defender,Malcador Defender,Lascannon,"48""",1,4+,12,-3,D6+1
Malcador Defender,Malcador Defender,Storm bolter [rapid fire 2],"24""",1,4+,4,0,1
Malcador Defender,Malcador Defender,Armoured tracks,Melee,6,4+,7,0,1
Malcador Infernus,Malcador Infernus,Autocannon,"48""",2,4+,9,-1,3
Malcador Infernus,Malcador Infernus,Heavy bolter [sustained hits 1],"36""",3,4+,5,-1,2
Malcador Infernus,Malcador Infernus,"Heavy flamer [ignores cover, torrent]","12""",D6,N/A,5,-1,1
Malcador Infernus,Malcador Infernus,Heavy stubber [rapid fire 3],"36""",3,4+,4,0,1
Malcador Infernus,Malcador Infernus,Hunter-killer missile [one shot],"48""",1,4+,14,-3,D6
Malcador Infernus,Malcador Infernus,"Inferno gun [ignores cover, torrent]","18""",D6+3,N/A,5,-2,2
Malcador Infernus,Malcador Infernus,Lascannon,"48""",1,4+,12,-3,D6+1
Malcador Infernus,Malcador Infernus,Storm bolter [rapid fire 2],"24""",1,4+,4,0,1
Malcador Infernus,Malcador Infernus,Armoured tracks,Melee,6,4+,7,0,1
Marauder Bomber,Marauder Bomber,Heavy bolter [sustained hits 1],"36""",3,4+,5,-1,2
Marauder Bomber,Marauder Bomber,Lascannon,"48""",1,4+,12,-3,D6+1
Marauder Bomber,Marauder Bomber,Armoured hull,Melee,6,4+,8,0,1
Marauder Destroyer,Marauder Destroyer,Assault cannon [devastating wounds],"24""",6,4+,6,0,1
Marauder Destroyer,Marauder Destroyer,Heavy bolter [sustained hits 1],"36""",3,4+,5,-1,2
Marauder Destroyer,Marauder Destroyer,Hellstrike missile rack [anti-fly 2+],"48""",2,4+,10,-3,D6
Marauder Destroyer,Marauder Destroyer,Marauder nose autocannons [twin-linked],"48""",4,4+,10,-2,3
Marauder Destroyer,Marauder Destroyer,Armoured hull,Melee,6,4+,8,0,1
Medusa Carriage Battery,Medusa Carriage Battery,"Medusa siege cannon [blast, heavy, indirect fire]","36""",D6,5+,10,-3,3
Medusa Carriage Battery,Medusa Carriage Battery,Battery close combat weapons,Melee,5,4+,3,0,1
Praetor,Praetor,Heavy bolter [sustained hits 1],"36""",3,4+,5,-1,2
Praetor,Praetor,Heavy stubber [rapid fire 3],"36""",3,4+,4,0,1
Praetor,Praetor,"Praetor launcher * firestorm [blast, heavy, ignores cover, indirect fire]","120""",2D6,4+,6,-1,2
Praetor,Praetor,"Praetor launcher * foehammer [anti-monster 4+, anti-vehicle 4+, blast, heavy, indirect fire]","120""",D6+1,4+,4,-2,3
Praetor,Praetor,Storm bolter [rapid fire 2],"24""",2,4+,4,0,1
Praetor,Praetor,Armoured tracks,Melee,6,4+,7,0,1
Rapier Laser Destroyer Battery,Rapier Laser Destroyer Battery,"Laser destroyer [heavy, twin-linked]","36""",2,5+,12,-2,D6+1
Rapier Laser Destroyer Battery,Rapier Laser Destroyer Battery,Close combat weapon,Melee,2,4+,3,0,1
Stormblade,Stormblade,Heavy stubber [rapid fire 3],"36""",3,4+,4,0,1
Stormblade,Stormblade,Hunter-killer missile [one shot],"48""",1,4+,14,-3,D6
Stormblade,Stormblade,Lascannon,"48""",1,4+,12,-3,D6+1
Stormblade,Stormblade,Storm bolter [rapid fire 2],"24""",1,4+,4,0,1
Stormblade,Stormblade,Stormblade plasma blastgun * standard [blast],"48""",D6+3,4+,9,-2,3
Stormblade,Stormblade,"Stormblade plasma blastgun * supercharge [blast, hazardous]","48""",D6+3,4+,10,-3,4
Stormblade,Stormblade,"Twin heavy bolter [sustained hits 1, twin-linked]","36""",3,4+,5,-1,2
Stormblade,Stormblade,"Twin heavy flamer [ignores cover, torrent, twin-linked]","12""",D6,N/A,5,-1,1
Stormblade,Stormblade,Armoured tracks,Melee,6,4+,8,0,1
Tarantula Battery,Tarantula Battery,"Twin heavy bolter [sustained hits 1, twin-linked]","36""",3,4+,5,-1,2
Tarantula Battery,Tarantula Battery,Twin lascannon [twin-linked],"48""",1,4+,12,-3,D6+1
Tarantula Battery,Tarantula Battery,Close combat weapon,Melee,1,4+,4,0,1
Thunderbolt Heavy Fighter,Thunderbolt Heavy Fighter,Lascannon,"48""",1,4+,12,-3,D6+1
Thunderbolt Heavy Fighter,Thunderbolt Heavy Fighter,Thunderbolt hellstrike rack [anti-fly 2+],"48""",2,4+,10,-3,D6
Thunderbolt Heavy Fighter,Thunderbolt Heavy Fighter,Thunderbolt nose autocannons [twin-linked],"48""",4,4+,9,-1,3
Thunderbolt Heavy Fighter,Thunderbolt Heavy Fighter,Armoured hull,Melee,6,4+,8,0,1
Trojan Support Vehicle,Trojan Support Vehicle,Heavy bolter [sustained hits 1],"36""",3,4+,5,-1,2
Trojan Support Vehicle,Trojan Support Vehicle,"Heavy flamer [ignores cover, torrent]","12""",D6,N/A,5,-1,1
Trojan Support Vehicle,Trojan Support Vehicle,Hunter-killer missile [one shot],"48""",1,4+,14,-3,D6
Trojan Support Vehicle,Trojan Support Vehicle,Armoured tracks,Melee,3,4+,6,0,1
Valdor,Valdor,Autocannon,"48""",2,4+,9,-1,3
Valdor,Valdor,Heavy bolter [sustained hits 1],"36""",3,4+,5,-1,2
Valdor,Valdor,"Heavy flamer [ignores cover, torrent]","12""",D6,N/A,5,-1,1
Valdor,Valdor,Heavy stubber [rapid fire 3],"36""",3,4+,4,0,1
Valdor,Valdor,Hunter-killer missile [one shot],"48""",1,4+,14,-3,D6
Valdor,Valdor,Lascannon,"48""",1,4+,12,-3,D6+1
Valdor,Valdor,Storm bolter [rapid fire 2],"24""",2,4+,4,0,1
Valdor,Valdor,Valdor neutron laser [heavy],"48""",2,4+,16,-4,D6+1
Valdor,Valdor,Armoured tracks,Melee,6,4+,8,0,1
Voss-pattern Lightning,Voss-pattern Lightning,Lascannon,"48""",1,4+,12,-3,D6+1
Voss-pattern Lightning,Voss-pattern Lightning,Lightning hellstrike rack [anti-fly 2+],"48""",2,4+,10,-3,D6
Voss-pattern Lightning,Voss-pattern Lightning,Armoured hull,Melee,6,4+,8,0,1
Vulture Gunship,Vulture Gunship,Heavy bolter [sustained hits 1],"36""",3,4+,5,-1,2
Vulture Gunship,Vulture Gunship,Multiple rocket pod [blast],"36""",D6,4+,6,0,1
Vulture Gunship,Vulture Gunship,Vulture gatling cannon [sustained hits 1],"24""",18,4+,5,0,1
Vulture Gunship,Vulture Gunship,Vulture hellstrike rack [anti-fly 2+],"48""",2,4+,10,-3,D6
Vulture Gunship,Vulture Gunship,Armoured hull,Melee,6,4+,4,0,1
